ISO3,Country,Human_Development_Groups,UNDP_Developing_Regions,HDI_Rank,GII_Rank,Human_Development_Index,Life_Expectancy_at_Birth,Expected_Years_of_Schooling,Mean_Years_of_Schooling,Gross_National_Income_Per_Capita,Gender_Development_Index,HDI_female,HDI_male,Inequality-adjusted_Human_Development_Index,Coefficient_of_human_inequality,Overall_loss_%,Inequality_in_life_expectancy,Inequality_in_eduation,Inequality_in_income,Gender_Inequality_Index,first,second,continent,Population
AFG,Afghanistan,Low,SA,180.0,167.0,0.483,63.081,10.19754982,2.659188987,2054.939895,0.71,0.383312051,0.540119661,0.5984768211920529,18.689607116748345,19.091165015370866,27.50606918,45.36517,23.15622959526923,0.671,-0.4639265603993466,-4.45604079453063,Asia,39074280
AGO,Angola,Medium,SSA,148.0,136.0,0.595,62.1438,12.1721,5.417390823,6381.521946,0.903,0.565997442,0.62689161,0.41,31.16753357,31.09243697,30.45383072,34.17144,28.87733,0.537,-1.3060703810702006,-2.823866130634918,Africa,33032075
ALB,Albania,High,ECA,67.0,39.0,0.806,79.1838,14.69561958,11.09698316,13302.70596,0.997,0.804057405,0.806772917,0.72,10.55449877,10.66997519,6.151076317,12.33344,13.17898,0.164,1.3672043733148662,1.346944922438408,Europe,2877239
AND,Andorra,Very High,,40.0,85.37647058823529,0.872,82.9923,13.30023874,10.5554463,53483.30663,0.9447674418604652,0.7041292438197674,0.7394420210523257,0.5984768211920529,18.689607116748345,19.091165015370866,5.1615839,10.00815435,23.15622959526923,0.3517823529411764,-0.9619843183604682,2.3105777908509646,Europe,77287
ARE,United Arab Emirates,Very High,AS,26.0,11.0,0.909,79.6274,15.01912022,12.48400021,67195.09523,0.948,0.870227528,0.917537308,0.5984768211920529,18.689607116748345,19.091165015370866,4.916705608,12.63435527,23.15622959526923,0.103,2.044569677383384,2.807997371110305,Asia,9910892
ARG,Argentina,Very High,LAC,47.0,69.0,0.85,76.9994,17.65617943,11.10470009,21924.73119,1.0,0.843561297,0.843566289,0.732,13.39046178,13.88235294,7.813666344,5.95181,26.405909,0.315,-0.3233676092586864,2.3097543234620144,South America,45267449
ARM,Armenia,High,ECA,85.0,53.0,0.771,75.0645,13.06861019,11.23515987,12933.83405,0.987,0.76234964,0.77218004,0.697,9.396357343,9.597924773,7.815752029,2.93495,17.43837,0.26,1.1365308900409774,0.8982260225714706,Asia,2964219
ATG,Antigua and Barbuda,High,LAC,71.0,85.37647058823529,0.798,78.5112,14.27885251,9.293740746,19857.12506,0.9447674418604652,0.7041292438197674,0.7394420210523257,0.5984768211920529,18.689607116748345,19.091165015370866,5.198716164,18.396400748918605,23.15622959526923,0.3517823529411764,0.1426557831094256,0.7117571325235276,North America,98069
AUS,Australia,Very High,,5.0,19.0,0.941,83.3871,20.5092392,12.55362034,47487.64407,0.976,0.928982452,0.951575852,0.865,7.869846953,8.076514346,3.426970959,3.056569899,17.126,0.092,0.802055510131958,4.327809190804207,Oceania,25550683
AUT,Austria,Very High,,25.0,12.0,0.917,81.6862,16.06674957,12.20790482,54587.74445,0.966,0.898756304,0.930775932,0.856,6.480915127,6.652126499,3.131075382,2.91745,13.39422,0.061,1.4902759468067908,3.42084487199994,Europe,9015361
AZE,Azerbaijan,High,ECA,91.0,70.0,0.757,72.7601,13.30998039,10.54176044,13502.96367,0.952,0.735105398,0.772111154,0.693,8.41429991,8.454425363,12.81883812,3.56506161,8.859,0.307,1.9400865170364547,0.4407022892579818,Asia,10154978
BDI,Burundi,Low,SSA,187.0,127.0,0.428,61.6884,10.77536964,2.962684561,763.4331718,0.933,0.413358865,0.442935805,0.3,29.38897337,29.90654206,27.74938011,39.48821,20.92933,0.508,-0.3473816093105189,-4.49582962097803,Africa,11948454
BEL,Belgium,Very High,,13.0,10.0,0.933,81.4787,19.5610199,12.30630493,51249.2268,0.974,0.919618673,0.943773865,0.861,7.649995799,7.717041801,3.767567396,8.18013,11.00229,0.053,1.780658394066433,3.84399813240433,Europe,11598451
BEN,Benin,Low,SSA,166.0,152.0,0.53,60.1403,11.6906147,4.157598728,3128.748762,0.851,0.486107403,0.571267113,0.334,36.76607717,36.98113208,34.6303215,43.69355,31.97436,0.613,-1.8096958559786165,-3.9112008799569615,Africa,12175480
BFA,Burkina Faso,Low,SSA,184.0,157.0,0.449,60.0466,9.273730278,1.91952002,2050.921164,0.884,0.419492216,0.474498521,0.312,29.96190711,30.51224944,33.42119217,39.15279412,17.31173505,0.598,0.0896034686127711,-4.972689548118348,Africa,20997293
BGD,Bangladesh,Medium,SA,129.0,131.0,0.635,72.5675,12.03569031,6.385879993,4642.820099,0.89,0.590988061,0.664299321,0.488,22.62243087,23.1496063,17.0665226,35.55633,15.24444,0.533,0.9443613190865516,-1.924894936488197,Asia,164972348
BGR,Bulgaria,High,,68.0,52.0,0.809,74.8983,14.19587994,11.29952653,21585.23735,0.992,0.804354581,0.811134558,0.716,11.08828875,11.49567367,5.54673624,6.09875,21.61938,0.21,0.503508936242965,1.4819128014529672,Europe,6939018
BHR,Bahrain,Very High,AS,35.0,46.0,0.879,79.8566,16.25481987,10.54808998,43818.92053,0.928,0.834350085,0.899173088,0.5984768211920529,18.689607116748345,19.091165015370866,4.872650623,12.56789221,23.15622959526923,0.2,0.167776249634141,2.6232224034941267,Asia,1711057
BHS,Bahamas,Very High,LAC,55.0,78.0,0.827,73.8057,12.82263,12.55286464,34103.97568,0.9447674418604652,0.7041292438197674,0.7394420210523257,0.5984768211920529,18.689607116748345,19.091165015370866,9.448785782,6.917101819,23.15622959526923,0.325,0.944199733561426,0.8691400390725974,North America,393893
BIH,Bosnia and Herzegovina,High,ECA,74.0,38.0,0.776,77.0926,13.78761333,9.812379837,14303.17629,0.922,0.741122847,0.803648668,0.673,13.05344918,13.27319588,4.211072445,14.78890508,20.16037,0.162,0.5311626408609037,0.9033367810639948,Europe,3277152
BLR,Belarus,Very High,ECA,60.0,29.0,0.818,74.5676,15.40478992,12.04824839,18282.24546,1.008,0.820093209,0.813696409,0.768,6.075658743,6.112469438,3.710684538,3.67781,10.83848169,0.105,1.752555601086925,1.7046192969154577,Europe,9448772
BLZ,Belize,Medium,LAC,123.0,86.0,0.706,73.7031,13.14904976,9.175324059,6699.038968,0.967,0.691276372,0.715153304,0.554,20.47975572,21.52974504,8.700157166,14.81278,37.92633,0.415,-1.8060221686449136,0.2476049500497892,North America,398845
BOL,Bolivia,Medium,LAC,118.0,99.0,0.714,67.748,15.01584721,9.630357265,8443.883853,0.954,0.696055511,0.729695771,0.555,22.00888558,22.26890756,19.32530975,17.56781,29.133537,0.419,-1.139536647697032,-0.2147076734306838,South America,11700207
BRA,Brazil,High,LAC,87.0,94.0,0.764,75.1095,15.70306015,7.982019901,14258.48421,0.99,0.758375056,0.765751968,0.582,22.53255959,23.82198953,9.894664764,16.06656,41.636454,0.401,-2.2470550655780985,0.9060903253821894,South America,212821986
BRB,Barbados,High,LAC,70.0,64.0,0.797,77.067,15.65930834,9.813339513,14963.39,1.034,0.806354458,0.779819806,0.662,15.91507716,16.93851945,8.613003731,5.54685,33.58537775,0.272,-1.2254956381585105,1.5501128895874157,North America,287437
BRN,Brunei,Very High,EAP,51.0,61.0,0.83,74.7118,14.3050499,9.14,60975.67907,0.982,0.821982297,0.836857747,0.5984768211920529,18.689607116748345,19.091165015370866,7.481441498,18.396400748918605,23.15622959526923,0.255,-0.8603177007085537,2.350085934496786,Asia,438202
BTN,Bhutan,Medium,SA,127.0,98.0,0.658,71.1286,13.10214043,4.580629311,10329.65877,0.936,0.633831745,0.676890996,0.463,28.05301583,29.63525836,15.97733116,48.22657529,19.95514103,0.429,1.4129442986140806,-2.373742643947633,Asia,773069
BWA,Botswana,Medium,SSA,117.0,117.0,0.716,65.4224,12.27946483,10.26,16285.69632,0.976,0.706527379,0.724074136,0.5984768211920529,18.689607116748345,19.091165015370866,22.68073845,23.27683,23.15622959526923,0.474,-0.6194334941472251,-0.8867135816098124,Africa,2359585
CAF,Central African Republic,Low,SSA,188.0,166.0,0.405,54.3693,7.85780837,4.308,1001.711793,0.807,0.359892616,0.446139782,0.239,40.64669793,40.98765432,38.19590378,34.5496,49.19459,0.69,-3.845078280611021,-4.896292045722509,Africa,4843954
CAN,Canada,Very High,,15.0,17.0,0.933,82.0508,16.22464943,13.80017348,48156.0,0.987,0.925400503,0.937788831,0.856,8.029487911,8.252947481,4.490463734,2.521,17.077,0.073,1.077926049827086,3.587165600468755,North America,37799407
CHE,Switzerland,Very High,,1.0,3.0,0.959,83.5615,16.41327095,13.79969025,67771.6548,0.966,0.939710061,0.972757793,0.893,6.644360304,6.882168926,3.328620911,1.82879,14.77567,0.032,1.2714483927383795,4.365644352786979,Europe,8665615
CHL,Chile,Very High,LAC,42.0,47.0,0.856,80.1334,16.58595085,10.76136507,23908.86388,0.968,0.840007183,0.867669967,0.72,15.30051001,15.88785047,5.890266418,11.73821662,28.273047,0.207,-0.4184003731759725,2.270862117287145,South America,19144605
CHN,China,High,EAP,79.0,48.0,0.755,77.7444,14.03231,7.500069873,15067.74081,0.981,0.74705773,0.761263503,0.637,15.09035632,15.62913907,6.200068951,11.68,27.391,0.206,-0.5862133666972085,0.8073790937455488,Asia,1440297825
CMR,Cameroon,Medium,SSA,151.0,148.0,0.577,61.1798,12.76488609,6.095438148,3642.735667,0.882,0.539571504,0.611770669,0.39,32.44528628,32.40901213,30.62975883,31.71699,34.98911,0.572,-2.0957221699322943,-2.653813146344987,Africa,26655083
COG,Congo,Medium,SSA,153.0,147.0,0.578,64.0531,12.08875833,6.152,3264.475827,0.933,0.557550488,0.597738471,0.434,24.75974563,24.91349481,22.34776688,20.93222,30.99925,0.565,-1.3855441241614668,-2.080021009070829,Africa,5540555
COL,Colombia,High,LAC,88.0,102.0,0.763,76.7479,14.39857006,8.504469872,13941.33097,0.992,0.759496055,0.765438604,0.601,20.43648196,21.23197903,9.588564873,15.27502,36.445861,0.427,-1.553941785096796,0.7974438925270074,South America,50976248
COM,Comoros,Medium,SSA,156.0,85.37647058823529,0.557,63.9117,11.78519004,4.993590129,3062.31206,0.888,0.519017936,0.584551489,0.307,43.67126531,44.88330341,27.38603592,47.61438,56.01338,0.3517823529411764,-4.408238553144605,-2.924262784507069,Africa,872695
CPV,Cabo Verde,Medium,SSA,128.0,84.0,0.673,75.7331,12.70419979,6.181132228,6701.611822,0.982,0.665144846,0.677208341,0.5984768211920529,18.689607116748345,19.091165015370866,9.949831009,27.38759118,23.15622959526923,0.379,0.1252129119573627,-0.9664729013139832,Africa,557026
CRI,Costa Rica,Very High,LAC,58.0,60.0,0.811,79.4835,15.8667202,8.72317028,19562.35999,0.981,0.800909089,0.816735131,0.666,16.96765887,17.87916153,5.846722603,11.58937,33.466884,0.285,-1.206126264589126,1.716652086315228,North America,5102158
CUB,Cuba,High,LAC,83.0,73.0,0.783,77.4962,14.2809,12.34998107,8573.741653,0.958,0.762738796,0.796185199,0.5984768211920529,18.689607116748345,19.091165015370866,4.737168789,7.81109,23.15622959526923,0.309,0.2901236933753209,1.4375173029924295,North America,11325391
CYP,Cyprus,Very High,,29.0,35.0,0.892,81.382,15.35606003,12.28287983,38543.68022,0.974,0.87962298,0.903091616,0.813,8.757786287,8.856502242,2.704918861,10.47803,13.09041,0.11,1.3969141133651624,2.753684972530273,Asia,1208886
DEU,Germany,Very High,,9.0,19.0,0.945,81.1717,16.93209076,14.07738018,54981.27749,0.974,0.93112858,0.956465319,0.874,7.316227988,7.513227513,3.490633965,2.7227,15.73535,0.083,1.214299260785578,3.901128712683487,Europe,83830972
DJI,Djibouti,Low,AS,171.0,85.37647058823529,0.506,63.0381,7.13947,4.0,4981.659056,0.9447674418604652,0.7041292438197674,0.7394420210523257,0.5984768211920529,18.689607116748345,19.091165015370866,27.44249916,18.396400748918605,27.74495175,0.3517823529411764,1.246629520475455,-3.083957132852478,Africa,990447
DMA,Dominica,High,LAC,102.0,85.37647058823529,0.726,73.59,13.2873707,8.100764979,12211.41123,0.9447674418604652,0.7041292438197674,0.7394420210523257,0.5984768211920529,18.689607116748345,19.091165015370866,9.300085068,18.396400748918605,23.15622959526923,0.3517823529411764,-0.006379357828223,-0.0171324031678003,North America,72017
DNK,Denmark,Very High,,6.0,1.0,0.942,80.99,18.79369926,12.86071014,57549.14584,0.983,0.933370975,0.949728489,0.887,5.774428536,5.838641189,3.532225609,2.90482,10.88624,0.022,1.7178970004780487,4.050148640226438,Europe,5795780
DOM,Dominican Republic,High,LAC,80.0,106.0,0.764,73.2323,14.34401997,9.106114462,16958.43305,1.009,0.765933114,0.759313647,0.605,20.62280994,20.81151832,18.23925781,15.82689,27.802282,0.451,-0.6482510608882366,0.3072114939197563,North America,10866667
DZA,Algeria,High,AS,91.0,126.0,0.745,76.0656,14.57779338,8.004686727,11344.17458,0.876,0.679336804,0.775774747,0.595,19.48003777,20.13422819,13.3869133,33.68956,11.36364,0.439,1.8965306204837709,-0.6117033215108603,Africa,43984569
ECU,Ecuador,High,LAC,95.0,85.0,0.762,77.0938,14.83316994,8.782986323,11242.31215,0.965,0.745698563,0.772412696,0.62,18.03465514,18.6351706,9.583942413,13.89605,30.623973,0.375,-0.8685960439417829,0.8215814649646522,South America,17688599
EGY,Egypt,High,AS,97.0,109.0,0.729,71.3669,13.60529995,9.305633501,11079.03334,0.905,0.679331963,0.751054988,0.515,28.40631057,29.35528121,11.7730217,36.94291,36.503,0.456,-2.0711722537839874,-0.2857800275962039,Africa,102659126
ERI,Eritrea,Low,SSA,176.0,85.37647058823529,0.493,67.0675,8.057060598,4.8872352,1698.200078,0.9447674418604652,0.7041292438197674,0.7394420210523257,0.5984768211920529,18.689607116748345,19.091165015370866,21.79607773,18.396400748918605,23.15622959526923,0.3517823529411764,0.914523561690444,-2.2857963164274877,Africa,3554797
ESP,Spain,Very High,,27.0,14.0,0.901,83.1436,17.75741005,10.1423502,40234.64314,0.984,0.891470223,0.9063135,0.782,12.9794516,13.20754717,2.961744785,16.86947,19.10714,0.062,0.2161906047229171,3.141154496559751,Europe,46757980
EST,Estonia,Very High,,31.0,28.0,0.891,78.1395,15.91049004,13.65631008,34552.40442,1.025,0.900543687,0.878459838,0.831,6.630156973,6.734006734,3.26402092,2.28057,14.34588,0.103,1.5319716837317114,2.7812141394504555,Europe,1326693
ETH,Ethiopia,Low,SSA,175.0,129.0,0.489,65.4117,9.462476818,3.028058847,2093.520321,0.912,0.465833304,0.510945355,0.35,27.34755069,28.42535787,25.18552208,43.50563,13.3515,0.525,0.7799306323594404,-4.248166166335071,Africa,115434444
FIN,Finland,Very High,,11.0,6.0,0.936,81.6266,19.47599983,12.80649996,48369.87096,0.989,0.93008497,0.940697501,0.887,5.185842444,5.235042735,2.980477333,2.23918,10.33787,0.037,1.8423061027599492,3.958816697007848,Europe,5542237
FJI,Fiji,High,EAP,99.0,77.0,0.745,67.8096,14.63417997,10.77497021,12916.60463,0.936,0.714675193,0.763477901,0.5984768211920529,18.689607116748345,19.091165015370866,14.73733425,2.636659279,23.15622959526923,0.325,-0.3788223616196667,0.5845849923706229,Oceania,897573
FRA,France,Very High,,28.0,22.0,0.901,82.5909,15.74300957,11.50988007,46162.6579,0.99,0.896453064,0.905262992,0.82,8.940650906,8.990011099,3.970052719,9.48623,13.36567,0.078,1.3313939655020215,2.9949072609253937,Europe,65298930
FSM,Micronesia,Medium,EAP,134.0,85.37647058823529,0.633,71.3183,11.54947988,7.717375215,3931.792925,0.9447674418604652,0.7041292438197674,0.7394420210523257,0.5984768211920529,18.689607116748345,19.091165015370866,14.79390144,18.396400748918605,26.38098943,0.3517823529411764,-0.4680348114215896,-0.6566863383638564,Oceania,115231
GAB,Gabon,High,SSA,112.0,140.0,0.706,66.3064,12.9,9.322,13359.91549,0.906,0.666358802,0.735405631,0.552,21.889877,21.81303116,20.97581291,23.47992,21.2138981,0.549,-0.2074376393919165,-0.9454248024286636,Africa,2234448
GBR,United Kingdom,Very High,,18.0,27.0,0.929,81.1254,17.24805069,13.24292692,46225.87833,0.972,0.914097455,0.940042877,0.85,8.231075037,8.503767492,3.875785112,2.84785,17.96959,0.112,0.9382730907147308,3.5667850191395054,Europe,67948282
GEO,Georgia,Very High,ECA,63.0,66.0,0.804,73.3414,15.2750597,12.84828997,13697.40109,0.987,0.795786461,0.806119275,0.707,11.53875059,12.06467662,6.981446743,2.784805013,24.85,0.298,-0.1002069272196464,1.747199241440993,Asia,3987805
GHA,Ghana,Medium,SSA,133.0,130.0,0.62,64.122,11.48332977,8.193073801,5071.995858,0.935,0.599003332,0.640395933,0.446,27.8852273,28.06451613,24.41152191,35.10167,24.14249,0.539,-0.6469752745045523,-2.256852711610581,Africa,31181428
GIN,Guinea,Low,SSA,182.0,157.0,0.462,59.3491,9.640652849,2.129199982,2409.63997,0.846,0.422618664,0.499772243,0.294,34.97061802,36.36363636,36.94997406,50.12411,17.83777,0.611,-0.1311242505725737,-5.315975825299597,Africa,13191279
GMB,Gambia,Low,SSA,174.0,153.0,0.495,63.04,9.108462368,4.332817146,2120.010674,0.924,0.476114054,0.515447115,0.34,30.12928742,31.31313131,25.26255226,47.65805,17.46726,0.607,0.2839447891996578,-4.261056081463581,Africa,2427782
GNB,Guinea-Bissau,Low,SSA,177.0,159.0,0.482,60.5016,10.50335796,3.533482349,1830.731741,0.861,0.445303812,0.517198471,0.302,37.18372902,37.34439834,31.74116707,41.91002,37.9,0.629,-2.333439865560527,-4.082971696818227,Africa,1975718
GNQ,Equatorial Guinea,Medium,SSA,145.0,85.37647058823529,0.601,61.1914,9.595077365,5.550890776,15187.91496,0.9447674418604652,0.7041292438197674,0.7394420210523257,0.5984768211920529,18.689607116748345,19.091165015370866,32.18571472,18.396400748918605,23.15622959526923,0.3517823529411764,1.0844762170602165,-2.628845352371646,Africa,1410419
GRC,Greece,Very High,,33.0,32.0,0.886,81.3907,19.50020027,10.83141518,28566.21672,0.969,0.871241912,0.898685248,0.789,10.68209766,10.94808126,3.531682968,11.06794,17.44667,0.127,0.1718389191975701,3.270658165167849,Europe,10413936
GRD,Grenada,High,LAC,68.0,85.37647058823529,0.797,74.8076,18.62984085,8.8,14975.50952,0.9447674418604652,0.7041292438197674,0.7394420210523257,0.5984768211920529,18.689607116748345,19.091165015370866,9.964535713,18.396400748918605,23.15622959526923,0.3517823529411764,-1.0826422702174232,1.2412009661697152,North America,112614
GTM,Guatemala,Medium,LAC,135.0,121.0,0.64,72.7257,10.61000776,5.712438107,8289.389866,0.925,0.612926952,0.662282489,0.467,26.62952431,27.03125,15.37364292,34.95493,29.56,0.517,-0.7920748379513857,-1.8411392936240565,North America,17971382
GUY,Guyana,High,LAC,108.0,114.0,0.701,68.8959,12.34369657,8.513898455,12575.03496,0.956,0.679105111,0.710402699,0.576,17.56875829,17.83166904,16.90598488,10.70029,25.1,0.462,-0.4768645921871626,-0.4663439709376856,South America,787215
HKG,Hong Kong,Very High,,4.0,85.37647058823529,0.949,85.2456,16.92947006,12.19762993,63907.66372,0.976,0.936785867,0.960135769,0.825,12.49644021,13.06638567,2.17196846,9.754632522,25.56271964,0.3517823529411764,-0.0023501909999172,4.161380836089925,Asia,7507523
HND,Honduras,Medium,LAC,137.0,107.0,0.617,72.8141,9.838728904,6.287879944,5248.923663,0.986,0.611890054,0.620592561,0.47,23.12719462,23.82495948,10.73721886,22.44937,36.194995,0.426,-1.95661115880868,-1.2520631756917369,North America,9931333
HRV,Croatia,Very High,,40.0,26.0,0.856,78.337,15.18179035,12.05498697,27784.40613,0.995,0.854045724,0.85836762,0.79,7.597601969,7.710280374,3.748035908,4.67412,14.37065,0.125,1.2983718862039997,2.219394991355868,Europe,4100719
HTI,Haiti,Low,LAC,163.0,163.0,0.541,64.0188,9.5,5.478,3174.807694,0.898,0.513533097,0.57167806,0.329,38.4672622,39.18669131,27.62634659,37.33677,50.43867,0.636,-3.60901033092196,-3.0282987419699667,North America,11426356
HUN,Hungary,Very High,,46.0,55.0,0.849,76.2039,15.12946033,12.06949997,29638.3262,0.986,0.841744711,0.85352841,0.789,6.960471012,7.067137809,3.831593037,3.11063,13.93919,0.229,1.379295815909543,2.1279332389998515,Europe,9655983
IDN,Indonesia,High,EAP,114.0,110.0,0.71,70.3375,13.60698032,8.162039757,11030.26908,0.936,0.683480995,0.730173825,0.587,17.2721049,17.32394366,14.44902802,17.25001669,20.11727,0.453,0.1610786827215028,-0.3744436755123364,Asia,274021604
IND,India,Medium,SA,132.0,122.0,0.645,70.7095,11.81347513,6.55361925,6449.18609,0.849,0.577235517,0.679753863,0.476,25.62413349,26.20155039,18.83567047,38.66773,19.369,0.505,0.3631951499517536,-2.103073603875527,Asia,1382345085
IRL,Ireland,Very High,,8.0,21.0,0.937,82.0863,19.75616074,11.50796839,64098.84282,0.978,0.925342841,0.946062231,0.87,7.009954211,7.150480256,3.038282633,3.28604,14.70554,0.084,1.0815566273786243,4.38469244250029,Europe,4947267
IRN,Iran,High,SA,76.0,115.0,0.787,76.195,14.74757004,10.52784353,13536.54586,0.889,0.723157262,0.813774625,0.697,11.26013116,11.43583227,9.081683159,4.984428444,19.71428189,0.452,0.5934278587031679,1.130566368553458,Asia,84176929
IRQ,Iraq,Medium,AS,121.0,145.0,0.692,71.5143,11.95379925,7.88291085,10465.09393,0.801,0.589750212,0.735813342,0.557,19.17035961,19.50867052,15.08621883,29.74591,12.67895,0.569,1.2793346536791994,-1.2981104488909878,Asia,40372771
ISL,Iceland,Very High,,3.0,8.0,0.959,82.7703,19.17563057,13.59160824,56492.26004,0.98,0.948171435,0.967961531,0.913,4.720369837,4.796663191,2.446269512,2.20077,9.51407,0.053,1.8975482453998016,4.336373400348817,Europe,341628
ISR,Israel,Very High,,22.0,22.0,0.919,82.8232,16.1252594,13.24765522,39620.10088,0.98,0.908252027,0.926643736,0.815,10.91367367,11.31664853,3.335021019,6.272,23.134,0.089,0.436649448143641,3.326103962479305,Asia,8678517
ITA,Italy,Very High,,30.0,13.0,0.893,83.1847,16.17503929,10.56645012,42450.93247,0.967,0.876252538,0.905761748,0.787,11.6091278,11.87010078,3.049903393,10.60056,21.17692,0.057,0.3935144574349263,2.941121736712741,Europe,60446035
JAM,Jamaica,High,LAC,110.0,80.0,0.716,71.793,13.332418,9.062015112,9365.908524,0.993,0.712132379,0.717134486,0.596,15.92864997,16.75977654,9.303999901,6.51579,31.96616,0.366,-1.1654672174381508,0.3571750442400404,North America,2963429
JOR,Jordan,High,AS,102.0,118.0,0.723,75.7743,10.41676998,10.3508997,9967.349228,0.89,0.667711182,0.750553969,0.618,14.45392984,14.52282158,10.00807953,15.44186,17.91185,0.449,1.1237563936806667,-0.248483860334806,Asia,10220604
JPN,Japan,Very High,,19.0,22.0,0.923,84.2971,15.1905,13.34510708,43086.85266,0.97,0.906452438,0.934313221,0.847,7.960943963,8.234019502,2.70894289,4.511,16.662889,0.087,1.157292220657368,3.3664670622309623,Asia,126407422
KAZ,Kazakhstan,Very High,ECA,56.0,41.0,0.814,71.4717,15.44011021,12.21006966,22171.8375,1.0,0.812880617,0.812644112,0.757,7.05693903,7.002457002,7.66428709,3.16666,10.33987,0.173,1.851670811724025,1.51896929068098,Asia,18815231
KEN,Kenya,Medium,SSA,152.0,128.0,0.577,62.6765,10.65468781,6.564,4273.498235,0.938,0.557858343,0.594887634,0.426,26.02581222,26.16984402,22.03370667,22.89552,33.14821,0.514,-1.584774879568586,-2.2648369389566896,Africa,53968739
KGZ,Kyrgyzstan,Medium,ECA,118.0,87.0,0.698,70.728,12.96755981,11.36813177,4978.956446,0.959,0.677954459,0.706705533,0.63,9.63629613,9.742120344,11.71404839,3.36425,13.83059,0.381,1.6700627472233254,0.0090493366505061,Asia,6542426
KHM,Cambodia,Medium,EAP,146.0,116.0,0.591,70.5609,11.33676945,4.966,3864.496775,0.921,0.566114353,0.614828147,0.475,19.4401133,19.62774958,16.6733799,27.30485,14.34211,0.466,0.7841335651831259,-2.2213778221634515,Asia,16758448
KIR,Kiribati,Medium,EAP,136.0,85.37647058823529,0.622,66.8545,11.80406996,7.865527643,4251.548646,0.9447674418604652,0.7041292438197674,0.7394420210523257,0.511,17.69722474,17.84565916,24.09827423,9.63653,19.35687,0.3517823529411764,0.6690359842482212,-1.1447051573313811,Oceania,119760
KOR,South Korea,Very High,,19.0,15.0,0.919,83.3427,16.49395943,12.41257949,42115.21132,0.941,0.885916086,0.941880162,0.832,9.278031448,9.466811752,2.868052006,8.836042338,16.13,0.078,1.0547191610241458,3.257156866348386,Asia,51276977
KWT,Kuwait,Very High,AS,50.0,74.0,0.836,79.7217,15.16432838,7.216040134,58030.87808,1.011,0.83763096,0.828867026,0.5984768211920529,18.689607116748345,19.091165015370866,5.528513432,22.10817735,23.15622959526923,0.253,2.33149843176386,1.3267598687870037,Asia,4281320
LBN,Lebanon,High,AS,112.0,108.0,0.75,79.729,11.28587,8.663865494,15586.30415,0.89,0.695600038,0.781627228,0.5984768211920529,18.689607116748345,19.091165015370866,5.713357449,6.177,23.15622959526923,0.434,1.0818043263970265,0.3800882807115194,Asia,6819976
LBR,Liberia,Low,SSA,178.0,164.0,0.483,60.8532,10.27304866,4.944,1406.047065,0.866,0.447706197,0.517112894,0.324,32.50999296,32.91925466,31.93702888,42.87091,22.72204,0.645,-0.6770912066540867,-4.204792939858049,Africa,5077411
LBY,Libya,High,AS,104.0,61.0,0.722,72.7938,12.789937,7.56,15526.25699,0.974,0.708106565,0.72732573,0.5984768211920529,18.689607116748345,19.091165015370866,8.82930851,18.396400748918605,23.15622959526923,0.262,-0.0027190056913229,-0.1557358192357145,Africa,6887247
LCA,Saint Lucia,High,LAC,106.0,91.0,0.746,73.3569,13.99927044,8.513461749,14453.44581,1.015,0.750990985,0.739604256,0.583,21.40988847,21.84986595,9.52812767,27.30567775,27.39586,0.394,-0.5087477882417631,0.048539025289944,North America,183774
LIE,Liechtenstein,Very High,,16.0,85.37647058823529,0.928,83.1462,14.62086964,12.46528892,144933.8638,0.9447674418604652,0.7041292438197674,0.7394420210523257,0.5984768211920529,18.689607116748345,19.091165015370866,5.168003082,18.396400748918605,23.15622959526923,0.3517823529411764,5.967573962116164,2.114150767139937,Europe,38147
LKA,Sri Lanka,High,SA,73.0,92.0,0.776,75.748,14.11106968,10.64155006,12509.74227,0.957,0.752406677,0.786622527,0.67,13.3899254,13.65979381,5.809336185,11.99693,22.36351,0.378,0.2906551742154322,0.9714694858743884,Asia,21428970
LSO,Lesotho,Low,SSA,168.0,144.0,0.522,53.733,12.08609896,5.921506884,2997.479203,0.989,0.520356534,0.52640045,0.376,27.75884422,27.96934866,34.14277267,19.55712,29.57664,0.559,-2.4508395236264517,-3.20776887141857,Africa,2145194
LTU,Lithuania,Very High,,35.0,30.0,0.88,75.6767,16.56925011,13.29162661,33963.01256,1.02,0.887874574,0.870098355,0.794,9.431821578,9.772727273,4.292464733,3.88094,20.12206,0.128,0.7866484249681994,2.711683680358989,Europe,2715340
LUX,Luxembourg,Very High,,17.0,9.0,0.922,81.8035,14.31532001,12.82510172,81398.52451,0.989,0.914243348,0.924127452,0.832,9.583785535,9.761388286,3.775586605,6.29069,18.68508,0.074,-0.0853277353301567,4.337154960174292,Europe,627704
LVA,Latvia,Very High,,39.0,40.0,0.866,75.0012,16.23089027,13.18325043,29894.57755,1.03,0.877222265,0.851456459,0.787,8.722720894,9.122401848,4.306402683,2.53011,19.33165,0.155,0.9229143212508932,2.471862387860835,Europe,1882408
MAR,Morocco,Medium,AS,123.0,104.0,0.676,73.9863,13.72161961,5.782,7301.739349,0.853,0.612288685,0.718136328,0.497,25.45988505,26.47928994,12.00520515,41.87093,22.50352,0.435,0.9248526385880084,-1.69261760612268,Africa,36985624
MCO,Monaco,,,95.81151832460732,85.37647058823529,0.7239267015706807,86.4643,13.430682310943007,8.852237978696333,20183.54280307668,0.9447674418604652,0.7041292438197674,0.7394420210523257,0.5984768211920529,18.689607116748345,19.091165015370866,3.671735287,18.396400748918605,23.15622959526923,0.3517823529411764,-0.9487287244229616,1.5115600181875433,Europe,39290
MDA,Moldova,High,ECA,80.0,51.0,0.768,70.4916,14.39253044,11.84556961,12952.69015,1.015,0.773677841,0.762585657,0.71,7.471397576,7.552083333,9.406876564,2.570094084,10.43722208,0.241,1.923916356261788,0.801334534501614,Europe,4032294
MDG,Madagascar,Low,SSA,173.0,143.0,0.507,65.2697,10.17391968,5.073239803,1548.073162,0.954,0.494520381,0.518506392,0.368,27.40667387,27.41617357,25.31720161,29.34582,27.557,0.552,-0.9311928727345654,-3.199758130153692,Africa,27808395
MDV,Maldives,High,SA,90.0,83.0,0.75,80.0132,12.60612839,7.154,17147.30852,0.93,0.71523808,0.768791512,0.595,20.0759298,20.66666667,5.062409401,29.31948,25.8459,0.341,0.9158820416085774,-0.259412433452822,Asia,542151
MEX,Mexico,High,LAC,86.0,75.0,0.777,74.0146,14.8653698,8.933190346,19385.89225,0.963,0.759366876,0.788634801,0.635,17.78961896,18.27541828,10.08201408,13.48795481,29.798888,0.323,-0.6871484167986796,0.8596038387523138,North America,129166028
MHL,Marshall Islands,Medium,EAP,131.0,85.37647058823529,0.639,64.5001,10.35272626,10.88313961,4852.882347,0.9447674418604652,0.7041292438197674,0.7394420210523257,0.5984768211920529,18.689607116748345,19.091165015370866,18.55545425,4.779338113,23.15622959526923,0.3517823529411764,-1.5039879672989644,-0.3721745836485579,Oceania,59259
MKD,North Macedonia,High,ECA,78.0,37.0,0.779,77.3142,13.50732994,9.883215904,15457.19391,0.941,0.752725263,0.799802814,0.694,10.70665543,10.9114249,4.594536304,8.36817,19.15726,0.141,0.757095377558209,1.031153208389019,Europe,2083359
MLI,Mali,Low,SSA,186.0,155.0,0.43,59.3934,7.442024549,2.2,2217.611028,0.82,0.377790254,0.460514046,0.289,31.85974236,32.79069767,35.15585709,43.85965,16.56372,0.675,0.0918693227097562,-5.518642509408683,Africa,20346106
MLT,Malta,Very High,,23.0,42.0,0.91,83.3448,16.58428001,11.84057999,40070.42113,0.978,0.898534345,0.918667127,0.839,7.782198572,7.802197802,4.573385715,6.18818,12.58503,0.184,1.432810178749927,3.121625291236808,Europe,441750
MMR,Myanmar,Medium,EAP,149.0,125.0,0.59,66.4646,10.6702404,6.235442423,4336.410687,0.958,0.575998279,0.600946856,0.5984768211920529,18.689607116748345,19.091165015370866,22.5657959,26.85272,23.15622959526923,0.512,-0.4284001411702625,-2.3435272963632747,Asia,54473253
MNE,Montenegro,Very High,ECA,49.0,32.0,0.834,77.1595,14.99967957,12.06115893,20925.34711,0.968,0.819557242,0.84644359,0.756,9.232856775,9.352517986,2.959510326,7.81501,16.92405,0.124,1.0258069329645263,1.8814636797626676,Europe,628080
MNG,Mongolia,High,EAP,96.0,76.0,0.743,71.1992,14.93639851,9.547314262,10960.06887,1.027,0.751166736,0.731573642,0.645,13.10903127,13.1897712,10.4971838,11.88363,16.94628,0.329,0.6946777156726219,0.3902316929106961,Asia,3287242
MOZ,Mozambique,Low,SSA,185.0,136.0,0.451,60.5261,10.09584184,3.130214992,1265.815831,0.917,0.431939494,0.47096074,0.301,33.06937941,33.2594235,30.28216743,40.5314308,28.39454,0.543,-1.1775207635633758,-4.4400098081294175,Africa,31398811
MRT,Mauritania,Medium,SSA,158.0,161.0,0.556,65.31,9.106389999,4.804934252,5167.404537,0.886,0.516594259,0.58295208,0.5984768211920529,18.689607116748345,19.091165015370866,27.48851395,40.78516,23.15622959526923,0.634,-0.3214710015034018,-3.576285065222088,Africa,4669775
MUS,Mauritius,Very High,SSA,63.0,82.0,0.811,74.9194,15.11495162,10.16782419,24767.93351,0.966,0.7941433,0.822387959,0.676,16.49399786,16.64611591,9.388029099,21.91298205,18.18098242,0.38,0.7018689754004085,1.0677129554826728,Africa,1272140
MWI,Malawi,Low,SSA,169.0,142.0,0.51,63.2758,12.4431407,4.396741029,1463.544391,0.966,0.499758486,0.51717689,0.369,27.49969187,27.64705882,21.67478561,28.42429,32.4,0.574,-1.6889353001140663,-2.849627898990203,Africa,19211425
MYS,Malaysia,Very High,EAP,62.0,57.0,0.807,75.6444,13.54508018,10.55220985,26720.61992,0.98,0.797966208,0.814185753,0.5984768211920529,18.689607116748345,19.091165015370866,6.079515934,12.06360206,23.15622959526923,0.225,0.2790419636301398,1.2963006752711603,Asia,32436963
NAM,Namibia,Medium,SSA,139.0,111.0,0.636,62.5859,11.89964286,7.140568261,9704.240117,1.013,0.639665915,0.631512925,0.412,33.43481455,35.22012579,21.70319366,25.01567,53.58558,0.442,-3.861453759628125,-1.423951824142978,Africa,2548663
NER,Niger,Low,SSA,189.0,153.0,0.399,62.4544,6.67627276,2.038633011,1257.082178,0.829,0.361098641,0.435770772,0.287,27.44187796,28.07017544,30.92690468,34.96483,16.43389921,0.635,0.5401481606662114,-5.29979711669868,Africa,24346468
NGA,Nigeria,Low,SSA,163.0,168.0,0.531,52.5536,9.937831,6.958530903,4928.925873,0.86,0.490661644,0.570498939,0.335,36.64900886,36.91148776,41.48026657,40.41507,28.05169,0.67,-2.1309475972137477,-4.384690762191545,Africa,206984347
NIC,Nicaragua,Medium,LAC,126.0,102.0,0.662,73.8497,12.43261063,7.028,5452.437413,0.957,0.643117045,0.672151088,0.51,22.46913296,22.96072508,10.91456127,25.79903661,30.693801,0.431,-1.0339109511794673,-0.847513522985063,North America,6638075
NLD,Netherlands,Very High,,10.0,5.0,0.939,81.7741,18.5599308,12.32301044,56614.38413,0.952,0.913944276,0.95967813,0.874,6.843680222,6.922257721,3.373560667,5.3671,11.79038,0.027,1.5926109749752086,3.9259347476781215,Europe,17141544
NOR,Norway,Very High,,2.0,2.0,0.962,82.7605,18.12005043,12.97539473,68999.19641,0.99,0.953633047,0.962842663,0.907,5.539880141,5.717255717,2.749960423,2.3324,11.53728,0.018,1.6793360522876826,4.430110254628108,Europe,5428594
NPL,Nepal,Medium,SA,143.0,113.0,0.601,68.9786,12.95372534,4.965326529,3798.135482,0.946,0.585586582,0.618911161,0.447,24.72505538,25.62396007,16.97784615,40.881,16.31632,0.457,0.7843770989197987,-2.529372950429381,Asia,29225196
NRU,Nauru,,EAP,95.81151832460732,85.37647058823529,0.7239267015706807,63.2337,11.47926359,8.852237978696333,16306.188,0.9447674418604652,0.7041292438197674,0.7394420210523257,0.5984768211920529,18.689607116748345,19.091165015370866,14.53691101,18.396400748918605,23.15622959526923,0.3517823529411764,-0.3175895608165544,-0.8262718154322916,Oceania,10836
NZL,New Zealand,Very High,,13.0,25.0,0.936,82.3803,18.87854958,13.13976479,41382.39849,0.974,0.92209337,0.946462757,0.864,7.457803362,7.692307692,4.083879948,1.840131778,16.44939836,0.102,0.9649444794937706,3.872791938209815,Oceania,4829021
OMN,Oman,Very High,AS,54.0,72.0,0.834,77.9659,14.1161499,10.81124439,30631.78608,0.922,0.781136608,0.847429156,0.724,12.99744458,13.18944844,6.954676151,11.94880067,20.08885691,0.328,0.6224188501126131,1.5913285111827786,Asia,5128058
PAK,Pakistan,Low,SA,161.0,135.0,0.545,66.482,8.275939941,4.825690031,4657.880392,0.767,0.454578369,0.592522147,0.378,29.84120504,30.64220183,28.76150513,43.52795,17.23416,0.542,0.4564956115803274,-4.00235749905502,Asia,221612785
PAN,Panama,Very High,LAC,61.0,96.0,0.814,77.8629,13.0069239,10.4001236,28869.22802,1.007,0.815954677,0.810011414,0.647,19.6397955,20.51597052,11.43046379,11.37222672,36.116696,0.412,-1.5347211324579184,1.4830767537021408,North America,4326296
PER,Peru,High,LAC,84.0,90.0,0.776,76.0089,15.18792464,9.755800247,12142.66015,0.951,0.755406573,0.794357426,0.641,17.03147192,17.39690722,9.187319756,14.59567,27.311426,0.403,-0.4051652011120774,0.9715798451639408,South America,33050211
PHL,Philippines,Medium,EAP,116.0,101.0,0.71,71.689,13.19219971,8.707799911,9414.447797,0.983,0.703058647,0.715061782,0.581,17.84550973,18.16901408,15.3452692,10.0958,28.09546,0.422,-0.6893649385811281,-0.096695244797487,Asia,109830324
PLW,Palau,High,EAP,80.0,85.37647058823529,0.778,64.3886,16.01454594,12.49143,19877.82994,0.9447674418604652,0.7041292438197674,0.7394420210523257,0.5984768211920529,18.689607116748345,19.091165015370866,13.71571255,2.180765728,23.15622959526923,0.3517823529411764,-1.5949807110314504,1.269299964737213,Oceania,18109
PNG,Papua New Guinea,Medium,EAP,156.0,169.0,0.554,65.1822,10.104625,4.7,4082.831293,0.928,0.533623827,0.575204833,0.392,28.98885818,29.24187726,22.41521454,35.65204,28.89932,0.728,-0.910729931806454,-3.0370284206511786,Oceania,8975531
POL,Poland,Very High,,34.0,31.0,0.877,77.6282,16.02598953,13.08478498,30369.76617,1.006,0.878184863,0.872613052,0.811,7.477034607,7.525655644,4.348323822,4.93736,13.14542,0.121,1.4928029349101624,2.5109214788301024,Europe,37839255
PRK,North Korea,,EAP,95.81151832460732,85.37647058823529,0.7239267015706807,73.0309,10.78317,8.852237978696333,20183.54280307668,0.9447674418604652,0.7041292438197674,0.7394420210523257,0.5984768211920529,18.689607116748345,19.091165015370866,12.01801491,18.396400748918605,23.15622959526923,0.3517823529411764,0.2592077994988652,-0.3440452314332923,Asia,25798588
PRT,Portugal,Very High,,38.0,15.0,0.86,81.3947,16.72011948,9.144709587,33134.17013,0.991,0.855715563,0.863420369,0.758,11.68673586,11.86046512,3.58634758,14.96519,16.50867,0.074,0.575735562745239,2.436611193728489,Europe,10191409
PRY,Paraguay,High,LAC,105.0,111.0,0.727,73.5676,12.75262838,8.585579872,12402.40912,0.981,0.718269642,0.732260982,0.586,18.96185,19.39477304,12.29504299,13.30079,31.289717,0.452,-0.8976872147291628,0.086143427054735,South America,7147553
QAT,Qatar,Very High,AS,42.0,54.0,0.853,80.8982,12.02342987,9.86211879,89089.21103,1.023,0.866272544,0.846460585,0.5984768211920529,18.689607116748345,19.091165015370866,4.415297508,11.22725944,23.15622959526923,0.171,-1.587368011245495,3.726193050531895,Asia,2889284
ROU,Romania,Very High,,53.0,67.0,0.827,76.1546,14.27499962,11.21188498,27979.14701,0.995,0.825100619,0.829075722,0.732,11.15464332,11.48730351,5.610919952,5.33215,22.52086,0.282,0.4450190159487841,1.7664417015848433,Europe,19214608
RWA,Rwanda,Low,SSA,165.0,93.0,0.528,66.2505,11.18665981,4.334969997,2014.357454,0.951,0.514358567,0.540723746,0.374,28.90889985,29.16666667,21.07901955,29.25386,36.39382,0.389,-1.920731058661284,-2.7241758504808677,Africa,13005303
SAU,Saudi Arabia,Very High,AS,35.0,59.0,0.865,77.2115,15.67512989,10.58370972,48123.7529,0.91,0.810680185,0.890876527,0.5984768211920529,18.689607116748345,19.091165015370866,5.74941206,18.11940114,23.15622959526923,0.287,-0.0133651201876101,2.4130284999756952,Asia,34905942
SDN,Sudan,Low,AS,172.0,141.0,0.514,65.681,7.859990261,3.77,4109.613994,0.871,0.471898319,0.541664092,0.337,34.05617313,34.43579767,26.7183094,42.45021,33.0,0.557,-1.431094285897797,-4.057263062785733,Africa,44019263
SEN,Senegal,Low,SSA,170.0,131.0,0.512,68.0966,8.95061779,2.883815558,3224.813134,0.859,0.469145808,0.546000996,0.353,29.8728252,31.0546875,19.87035561,46.36412,23.384,0.532,0.1571399517148252,-3.992306352854598,Africa,16816539
SGP,Singapore,Very High,EAP,12.0,7.0,0.94,83.4576,16.51959038,11.74279022,86502.02095,0.986,0.932084592,0.945031036,0.818,12.48718622,12.9787234,2.49383688,10.00732115,24.96040064,0.049,2.7601818029580856,3.743190486468128,Asia,5858322
SLB,Solomon Islands,Medium,EAP,155.0,85.37647058823529,0.566,70.1733,10.36732679,5.54073206,2663.242801,0.9447674418604652,0.7041292438197674,0.7394420210523257,0.5984768211920529,18.689607116748345,19.091165015370866,13.05822849,18.396400748918605,23.15622959526923,0.3517823529411764,0.1005195726191729,-1.2670862543023038,Oceania,689671
SLE,Sierra Leone,Low,SSA,181.0,162.0,0.47,59.7959,9.509414262,4.455658093,1528.635626,0.867,0.4374833,0.50458054,0.305,34.13000379,35.10638298,37.72502136,46.92677,17.73822,0.638,-0.1216439934549631,-4.931791290098124,Africa,8004158
SLV,El Salvador,Medium,LAC,125.0,88.0,0.68,72.5546,12.71449047,6.968569994,8136.126957,0.981,0.672245217,0.68507282,0.549,19.02430375,19.26470588,10.84712315,23.7938081,22.43198,0.37,0.0477536813890651,-0.7820521365894842,North America,6491923
SMR,San Marino,Very High,,44.0,85.37647058823529,0.86,82.9479,11.89288998,10.80146027,54128.06922,0.9447674418604652,0.7041292438197674,0.7394420210523257,0.5984768211920529,18.689607116748345,19.091165015370866,2.744881868,5.562256324,23.15622959526923,0.3517823529411764,2.4550714429151737,1.1664510484185355,Europe,33944
SOM,Somalia,,AS,95.81151832460732,85.37647058823529,0.7239267015706807,56.3754,13.430682310943007,8.852237978696333,1071.89966,0.9447674418604652,0.7041292438197674,0.7394420210523257,0.5984768211920529,18.689607116748345,19.091165015370866,40.9576149,18.396400748918605,24.35,0.3517823529411764,-3.1349393013725435,-1.4168563695161052,Africa,15965848
SRB,Serbia,Very High,ECA,63.0,36.0,0.808,76.5115,14.73746967,11.26613522,16565.63064,0.977,0.797401025,0.815815163,0.709,11.80071635,12.25247525,4.27177906,7.47189,23.65848,0.132,0.2289482099345753,1.5762524779002092,Europe,8731081
SSD,South Sudan,Low,SSA,191.0,150.0,0.395,55.9495,5.54251,5.726140022,845.39,0.844,0.357222119,0.423226718,0.251,36.29043276,36.4556962,37.06578827,39.55255,32.25296,0.596,-2.1109661039754357,-5.450449367108336,Africa,11216250
SUR,Suriname,High,LAC,99.0,105.0,0.755,72.5532,13.00292818,9.673319107,17181.47199,1.005,0.753888098,0.750093721,0.548,25.6688569,27.41721854,11.94257069,18.36769,46.69631,0.436,-2.7495271166304445,0.5398482234875537,South America,587541
SVK,Slovakia,Very High,,45.0,45.0,0.859,77.264,14.48058033,12.86622047,30556.82948,0.991,0.853205774,0.860760142,0.807,5.907522059,6.05355064,4.836366177,1.55613,11.33007,0.194,1.786044117517034,2.205425153852403,Europe,5460109
SVN,Slovenia,Very High,,23.0,18.0,0.917,81.3581,17.59638023,12.75198507,37411.31252,1.002,0.916146594,0.914523092,0.877,4.361374983,4.362050164,2.371274948,2.12184,8.59101,0.074,1.994774284853232,3.319593406063904,Europe,2078989
SWE,Sweden,Very High,,7.0,4.0,0.942,82.5326,19.69101906,12.54788494,53050.91638,0.985,0.93504431,0.949208678,0.882,6.332109729,6.369426752,2.728509188,3.68669,12.58113,0.031,1.532465084349922,4.158669503640652,Europe,10110233
SWZ,Eswatini,Medium,SSA,144.0,138.0,0.607,59.4114,13.58087035,5.462,7913.629038,0.98,0.600989965,0.613169352,0.429,29.01701678,29.32454695,25.04450035,24.10655,37.9,0.563,-2.413732588417948,-2.062167487152061,Africa,1162233
SYC,Seychelles,High,SSA,72.0,85.37647058823529,0.8,73.9529,14.14966011,10.2882294,25788.59798,0.9447674418604652,0.7041292438197674,0.7394420210523257,0.5984768211920529,18.689607116748345,19.091165015370866,9.156647682,18.396400748918605,29.34535638,0.3517823529411764,-0.6469409134353283,0.6353746274984627,Africa,98453
TCD,Chad,Low,SSA,190.0,165.0,0.398,52.8253,7.858482783,2.479598405,1553.131495,0.767,0.342421161,0.446186628,0.248,37.39974672,37.68844221,40.84914017,42.9501,28.4,0.69,-1.5509207958890732,-5.867862294531394,Africa,16502877
TGO,Togo,Low,SSA,162.0,149.0,0.528,60.244,12.83352383,4.890200241,2066.946841,0.838,0.482401365,0.575668345,0.361,31.39320779,31.62878788,29.59870338,37.72766,26.85326,0.586,-1.2411204951502848,-3.4169951580337115,Africa,8310934
THA,Thailand,Very High,EAP,66.0,79.0,0.795,78.6622,15.72975941,8.372150421,17218.95408,1.011,0.799553873,0.79106344,0.666,16.02295884,16.22641509,7.670886517,16.58373,23.81426,0.405,-0.2597277777293663,1.256518722275363,Asia,69830779
TJK,Tajikistan,Medium,ECA,122.0,68.0,0.671,70.3532,11.60900119,11.37723672,3953.31425,0.906,0.633834485,0.699729407,0.585,12.73252692,12.81669151,17.69193077,6.03825,14.4674,0.289,1.6536700407921598,-0.6254656694834773,Asia,9573310
TKM,Turkmenistan,High,ECA,91.0,43.0,0.746,68.7963,12.84999236,11.22710846,14804.54893,0.957,0.726941973,0.759689893,0.615,16.98820671,17.56032172,20.61034012,3.55428,26.8,0.183,-1.2896950477651594,0.3957260956717737,Asia,6046292
TLS,Timor-Leste,Medium,EAP,140.0,89.0,0.605,68.0167,12.39822,5.43679,4393.034285,0.918,0.57986179,0.631388948,0.436,26.69256372,27.9338843,21.57845116,44.91179,13.58745,0.389,1.0567203763752098,-2.8652246737300437,Asia,1322667
TON,Tonga,High,EAP,91.0,160.0,0.742,70.7787,15.86946701,11.36226767,6790.395096,0.968,0.727047213,0.751251175,0.5984768211920529,18.689607116748345,19.091165015370866,9.125449181,18.396400748918605,23.15622959526923,0.365,-0.1575352806786703,0.6430816137990412,Oceania,105901
TTO,Trinidad and Tobago,Very High,LAC,57.0,81.0,0.815,73.8018,14.39769272,11.48462809,25315.95987,0.988,0.808008429,0.817967338,0.5984768211920529,18.689607116748345,19.091165015370866,11.8289423,18.396400748918605,23.15622959526923,0.348,0.0693999511698248,1.1749014761405217,North America,1400283
TUN,Tunisia,High,AS,97.0,61.0,0.743,75.9501,15.3248039,7.352466164,11027.26702,0.932,0.708608374,0.760470351,0.596,19.31758163,19.7846568,10.36034489,30.70285,16.88955,0.253,1.341246867005338,-0.3603327991071227,Africa,11839918
TUR,Turkey,Very High,ECA,48.0,65.0,0.839,77.5631,18.15805054,8.450664997,28148.5516,0.936,0.805013664,0.860207398,0.715,14.49614883,14.7794994,6.766287804,13.64287582,23.07928288,0.286,-0.4095814763386955,2.183183921259241,Asia,84495243
TUV,Tuvalu,Medium,EAP,130.0,85.37647058823529,0.642,64.2117,9.78763,10.34346304,6462.950541,0.9447674418604652,0.7041292438197674,0.7394420210523257,0.5984768211920529,18.689607116748345,19.091165015370866,15.36929131,18.396400748918605,23.15622959526923,0.3517823529411764,0.3632709873841364,-1.1488521178500444,Oceania,11817
TZA,Tanzania,Low,SSA,160.0,146.0,0.538,66.5346,8.479839802,6.231957903,2555.427577,0.941,0.521162384,0.553850464,0.407,24.27825345,24.34944238,23.47463036,26.96013,22.4,0.562,-0.2382797231513534,-3.032103467469857,Africa,60012400
UGA,Uganda,Low,SSA,166.0,131.0,0.522,62.7139,10.27499662,5.675231566,2064.075583,0.923,0.501590976,0.543278296,0.392,25.02224196,24.90421456,22.21195793,27.91438,24.94038796,0.533,-0.7090259278806968,-3.0010921350591464,Africa,45974931
UKR,Ukraine,High,ECA,77.0,49.0,0.783,74.4122,14.93799873,11.13953963,12455.66945,1.013,0.785393837,0.775543732,0.736,5.948616278,6.002554278,5.721866131,3.59926,8.524722702,0.249,1.9793018309739647,1.1454830554774154,Europe,43686577
URY,Uruguay,Very High,LAC,58.0,58.0,0.819,77.611,16.72912025,8.906729698,21730.72567,1.019,0.818681438,0.803323094,0.717,11.98803591,12.45421245,5.892225742,6.52606,23.545822,0.258,-0.1634140260009759,1.844642636938421,South America,3475842
USA,United States,Very High,,21.0,44.0,0.927,78.9896,16.28334999,13.50162029,62626.32702,0.992,0.921582984,0.929275587,0.815,11.49431139,12.0819849,5.717084408,2.745849765,26.02,0.192,-0.1436700725438061,3.847417767782637,North America,331341050
UZB,Uzbekistan,High,ECA,101.0,56.0,0.72,71.1494,12.25255966,11.77458954,7303.472178,0.945,0.696878416,0.737527872,0.5984768211920529,18.689607116748345,19.091165015370866,9.973817825,0.550110115,23.15622959526923,0.274,1.034641662340152,0.2384653705568181,Asia,33551824
VEN,Venezuela,Medium,LAC,120.0,123.0,0.738,71.9788,12.81608,10.8356987,10431.452,1.004,0.736240994,0.733078545,0.634,13.91838663,14.09214092,12.08456993,8.67058997,21.0,0.483,0.4187044641264057,0.2892808203763644,South America,28421581
VUT,Vanuatu,Medium,EAP,140.0,85.37647058823529,0.603,69.7948,11.47148594,6.84,3200.787431,0.9447674418604652,0.7041292438197674,0.7394420210523257,0.5984768211920529,18.689607116748345,19.091165015370866,15.12667465,18.396400748918605,19.68256999,0.3517823529411764,0.3316923016063832,-0.9642181354173266,Oceania,308337
WSM,Samoa,High,EAP,111.0,99.0,0.716,72.6358,12.37738857,11.46514881,6280.573936,0.958,0.695736171,0.726126396,0.5984768211920529,18.689607116748345,19.091165015370866,10.98128986,18.396400748918605,23.15622959526923,0.407,0.2061286204277108,-0.0272158816296549,Oceania,198643
YEM,Yemen,Low,AS,183.0,170.0,0.459,64.5751,9.09871006,3.2,1341.656234,0.5,0.261067945,0.52183829,0.31,31.65958601,32.46187364,27.03787804,46.13765,21.80323,0.806,-0.3094800027736701,-4.970109789297421,Asia,29935468
ZAF,South Africa,High,SSA,109.0,97.0,0.726,65.6743,13.53530979,10.7576704,13491.22179,0.962,0.706726289,0.734361337,0.479,31.10396365,34.02203857,19.02176094,17.29413,56.996,0.405,-4.143577182658024,0.1754302617378937,Africa,59436725
ZMB,Zambia,Medium,SSA,154.0,138.0,0.572,62.3422,10.92836554,7.058784771,3418.096158,0.993,0.570045516,0.574195906,0.391,30.92845792,31.64335664,27.50943375,20.43572,44.84022,0.537,-3.029253550679079,-2.1978428830427506,Africa,18468257
ZWE,Zimbabwe,Medium,SSA,146.0,134.0,0.602,61.4141,11.98176697,8.585394977,3864.012419,0.952,0.586385674,0.615945197,0.463,22.83288667,23.089701,24.67663002,16.80576,27.01627,0.535,-1.3738317513177982,-1.7703126459041425,Africa,14899771
RUS,Russian Federation,Very High,,52.0,50.0,0.841,73.5306,15.7072401,12.72389289,25977.61212,1.011,0.844221305,0.835011281,0.769,8.315390951,8.561236623,5.227172852,2.076,17.643,0.21,1.244452914597095,3.3257836127276392,Europe,146098881